"Carimbo de data/hora","Gender","","","","","","","","","","","","","","","","","","","","","","","","","","","","","",""
"2021/11/03 11:02:04 AM GMT","Masculino","","","","","","","","","","","","","","","","Não","Não","Sim","Sim","Não","Sim","Sim","Sim","Não","Não","Sim","Não","Não","Não","Não"
"2021/11/03 11:10:09 AM GMT","Masculino","","","","","","","","","","","","","","","","Não","Sim","Sim","Sim","Não","Não","Sim","Sim","Não","Não","Não","Sim","Não","Não","Não"
"2021/11/03 11:11:23 AM GMT","Feminino","Sim","Sim","Não","Sim","Sim","Sim","Não","Não","Não","Não","Não","Sim","Sim","Sim","Não","","","","","","","","","","","","","","",""
"2021/11/03 11:14:59 AM GMT","Masculino","","","","","","","","","","","","","","","","Não","Sim","Sim","Sim","Não","Sim","Sim","Sim","Sim","Não","Sim","Sim","Sim","Sim","Sim"
"2021/11/03 11:18:18 AM GMT","Masculino","","","","","","","","","","","","","","","","Não","Sim","Sim","Não","Não","Não","Sim","Não","Sim","Sim","Não","Não","Não","Não","Não"
"2021/11/03 11:25:35 AM GMT","Masculino","","","","","","","","","","","","","","","","Sim","Sim","Sim","Não","Sim","Sim","Sim","Sim","Sim","Não","Não","Sim","Sim","Sim","Não"
"2021/11/03 11:28:43 AM GMT","Masculino","","","","","","","","","","","","","","","","Não","Sim","Sim","Sim","Não","Não","Sim","Não","Sim","Não","Não","Sim","Sim","Não","Não"
"2021/11/03 11:34:24 AM GMT","Masculino","","","","","","","","","","","","","","","","Não","Sim","Sim","Sim","Não","Não","Não","Não","Não","Não","Não","Não","Não","Não","Não"
"2021/11/03 11:35:08 AM GMT","Masculino","","","","","","","","","","","","","","","","Não","Sim","Sim","Sim","Não","Não","Sim","Não","Não","Não","Não","Sim","Sim","Sim","Não"
"2021/11/03 11:40:13 AM GMT","Masculino","","","","","","","","","","","","","","","","Não","Sim","Sim","Não","Não","Não","Sim","Sim","Sim","Sim","Não","Sim","Sim","Sim","Não"
"2021/11/03 11:42:46 AM GMT","Masculino","","","","","","","","","","","","","","","","Não","Sim","Sim","Sim","Sim","Sim","Sim","Sim","Sim","Sim","Sim","Sim","Não","Sim","Sim"
"2021/11/03 11:43:43 AM GMT","Masculino","","","","","","","","","","","","","","","","Sim","Sim","Sim","Sim","Sim","Sim","Sim","Sim","Sim","Sim","Sim","Sim","Sim","Sim","Sim"
"2021/11/03 11:46:16 AM GMT","Masculino","","","","","","","","","","","","","","","","Não","Sim","Sim","Sim","Não","Não","Sim","Não","Sim","Não","Sim","Não","Sim","Sim","Sim"
"2021/11/03 11:50:55 AM GMT","Masculino","","","","","","","","","","","","","","","","Não","Sim","Sim","Sim","Não","Não","Sim","Sim","Sim","Não","Não","Sim","Não","Não","Não"
"2021/11/03 11:51:02 AM GMT","Masculino","","","","","","","","","","","","","","","","Não","Sim","Sim","Sim","Sim","Não","Sim","Sim","Não","Sim","Não","Sim","Sim","Não","Não"
"2021/11/03 11:52:52 AM GMT","Masculino","","","","","","","","","","","","","","","","Não","Sim","Sim","Sim","Não","Não","Sim","Não","Não","Sim","Não","Sim","Não","Não","Não"
"2021/11/03 11:55:50 AM GMT","Masculino","","","","","","","","","","","","","","","","Não","Sim","Sim","Não","Não","Sim","Sim","Sim","Não","Não","Sim","Sim","Sim","Não","Não"
"2021/11/03 12:26:29 PM GMT","Masculino","","","","","","","","","","","","","","","","Não","Sim","Sim","Não","Sim","Não","Sim","Sim","Não","Não","Não","Sim","Não","Sim","Não"
"2021/11/03 12:57:36 PM GMT","Masculino","","","","","","","","","","","","","","","","Não","Sim","Sim","Sim","Não","Sim","Sim","Sim","Sim","Sim","Sim","Sim","Não","Não","Não"
"2021/11/03 12:58:43 PM GMT","Feminino","Sim","Não","Sim","Sim","Sim","Sim","Sim","Sim","Não","Não","Não","Sim","Sim","Sim","Sim","","","","","","","","","","","","","","",""
"2021/11/03 1:02:18 PM GMT","Feminino","Sim","Sim","Não","Sim","Sim","Sim","Não","Sim","Não","Sim","Não","Sim","Sim","Não","Sim","","","","","","","","","","","","","","",""
"2021/11/03 1:15:16 PM GMT","Feminino","Sim","Sim","Não","Sim","Não","Sim","Não","Não","Não","Sim","Não","Sim","Sim","Não","Não","","","","","","","","","","","","","","",""
"2021/11/03 1:22:35 PM GMT","Feminino","Sim","Não","Sim","Sim","Sim","Sim","Sim","Sim","Não","Não","Não","Não","Não","Sim","Não","","","","","","","","","","","","","","",""
"2021/11/03 1:34:08 PM GMT","Masculino","","","","","","","","","","","","","","","","Não","Sim","Sim","Não","Não","Não","Sim","Não","Não","Não","Não","Sim","Não","Não","Não"
"2021/11/03 1:34:20 PM GMT","Masculino","","","","","","","","","","","","","","","","Não","Sim","Sim","Sim","Não","Sim","Sim","Sim","Não","Sim","Sim","Sim","Não","Sim","Não"
"2021/11/03 1:37:21 PM GMT","Masculino","","","","","","","","","","","","","","","","Não","Não","Não","Sim","Não","Não","Sim","Não","Não","Não","Não","Não","Não","Não","Não"
"2021/11/03 1:39:54 PM GMT","Feminino","Sim","Sim","Não","Sim","Sim","Sim","Não","Sim","Não","Sim","Não","Sim","Sim","Sim","Sim","","","","","","","","","","","","","","",""
"2021/11/03 1:41:26 PM GMT","Feminino","Sim","Não","Não","Sim","Não","Sim","Sim","Sim","Sim","Sim","Sim","Sim","Sim","Não","Não","","","","","","","","","","","","","","",""
"2021/11/03 1:41:26 PM GMT","Masculino","","","","","","","","","","","","","","","","Não","Sim","Não","Sim","Não","Sim","Sim","Sim","Não","Não","Sim","Sim","Não","Não","Não"
"2021/11/03 1:42:46 PM GMT","Feminino","Sim","Sim","Não","Não","Não","Sim","Não","Não","Não","Sim","Não","Sim","Sim","Não","Sim","","","","","","","","","","","","","","",""
"2021/11/03 1:46:52 PM GMT","Feminino","Não","Não","Sim","Sim","Sim","Não","Sim","Não","Não","Não","Sim","Sim","Não","Sim","Sim","","","","","","","","","","","","","","",""
"2021/11/03 1:51:47 PM GMT","Masculino","","","","","","","","","","","","","","","","Não","Não","Não","Não","Não","Não","Sim","Não","Não","Sim","Não","Sim","Não","Não","Não"
"2021/11/03 1:56:02 PM GMT","Masculino","","","","","","","","","","","","","","","","Não","Sim","Sim","Sim","Não","Sim","Sim","Sim","Sim","Sim","Não","Sim","Não","Sim","Sim"
"2021/11/03 2:02:08 PM GMT","Feminino","Sim","Não","Sim","Sim","Não","Não","Não","Sim","Não","Sim","Não","Não","Sim","Sim","Não","","","","","","","","","","","","","","",""
"2021/11/03 2:04:15 PM GMT","Feminino","Não","Sim","Sim","Sim","Não","Sim","Sim","Não","Não","Não","Não","Sim","Sim","Sim","Sim","","","","","","","","","","","","","","",""
"2021/11/03 2:06:43 PM GMT","Masculino","","","","","","","","","","","","","","","","Não","Não","Não","Não","Não","Não","Sim","Sim","Não","Não","Não","Sim","Não","Não","Não"
"2021/11/03 2:13:23 PM GMT","Masculino","","","","","","","","","","","","","","","","Não","Não","Não","Sim","Não","Sim","Sim","Não","Não","Sim","Sim","Sim","Não","Sim","Sim"
"2021/11/03 2:21:57 PM GMT","Masculino","","","","","","","","","","","","","","","","Não","Sim","Sim","Sim","Não","Não","Sim","Sim","Sim","Não","Não","Não","Não","Não","Não"
"2021/11/03 2:30:37 PM GMT","Masculino","","","","","","","","","","","","","","","","Não","Não","Não","Não","Não","Não","Não","Não","Não","Não","Não","Não","Não","Não","Não"
"2021/11/03 2:41:21 PM GMT","Masculino","","","","","","","","","","","","","","","","Não","Não","Não","Não","Não","Não","Não","Sim","Não","Sim","Não","Sim","Não","Não","Não"
"2021/11/03 2:46:24 PM GMT","Feminino","Sim","Não","Sim","Não","Sim","Sim","Sim","Sim","Não","Sim","Sim","Não","Sim","Sim","Não","","","","","","","","","","","","","","",""
"2021/11/03 2:50:27 PM GMT","Masculino","","","","","","","","","","","","","","","","Sim","Não","Não","Não","Não","Sim","Não","Não","Não","Sim","Não","Sim","Sim","Não","Não"
"2021/11/03 2:50:42 PM GMT","Masculino","","","","","","","","","","","","","","","","Sim","Não","Não","Não","Não","Não","Não","Sim","Não","Não","Não","Não","Não","Não","Não"
"2021/11/03 2:57:06 PM GMT","Masculino","","","","","","","","","","","","","","","","Não","Sim","Sim","Sim","Sim","Sim","Sim","Sim","Não","Sim","Não","Sim","Sim","Sim","Não"
"2021/11/03 3:12:57 PM GMT","Masculino","","","","","","","","","","","","","","","","Não","Sim","Sim","Sim","Não","Não","Sim","Não","Não","Não","Sim","Sim","Não","Não","Sim"
"2021/11/03 3:51:49 PM GMT","Feminino","Sim","Sim","Não","Sim","Sim","Sim","Não","Sim","Não","Não","Não","Não","Não","Sim","Não","","","","","","","","","","","","","","",""
"2021/11/03 4:45:58 PM GMT","Male","","","","","","","","","","","","","","","","No","Yes","Yes","Yes","No","No","Yes","Yes","Yes","Yes","No","Yes","Yes","No","No"
"2021/11/03 5:42:40 PM GMT","Male","","","","","","","","","","","","","","","","No","No","No","Yes","No","No","Yes","Yes","No","Yes","No","Yes","No","No","No"
"2021/11/03 5:56:37 PM GMT","Female","No","No","No","Yes","No","No","No","No","Yes","No","No","Yes","Yes","No","No","","","","","","","","","","","","","","",""
"2021/11/03 5:58:20 PM GMT","Male","","","","","","","","","","","","","","","","Yes","No","Yes","Yes","Yes","No","No","Yes","No","Yes","No","Yes","No","Yes","No"
"2021/11/03 5:59:43 PM GMT","Female","Yes","No","No","Yes","Yes","No","No","Yes","No","Yes","Yes","No","Yes","No","No","","","","","","","","","","","","","","",""
"2021/11/03 6:02:17 PM GMT","Female","Yes","No","Yes","No","Yes","Yes","No","Yes","No","Yes","Yes","No","Yes","Yes","No","","","","","","","","","","","","","","",""
"2021/11/03 6:18:37 PM GMT","Female","Yes","Yes","Yes","Yes","Yes","Yes","Yes","Yes","No","Yes","Yes","Yes","Yes","Yes","Yes","","","","","","","","","","","","","","",""
"2021/11/03 6:19:43 PM GMT","Male","","","","","","","","","","","","","","","","No","Yes","Yes","Yes","No","Yes","Yes","Yes","Yes","No","Yes","Yes","No","No","No"
"2021/11/03 6:22:14 PM GMT","Female","Yes","Yes","No","No","Yes","Yes","No","Yes","Yes","Yes","Yes","Yes","Yes","Yes","Yes","","","","","","","","","","","","","","",""
"2021/11/03 6:24:24 PM GMT","Female","Yes","No","Yes","Yes","No","Yes","Yes","Yes","No","Yes","Yes","No","Yes","Yes","Yes","","","","","","","","","","","","","","",""
"2021/11/03 6:26:44 PM GMT","Male","","","","","","","","","","","","","","","","Yes","Yes","Yes","Yes","Yes","No","Yes","Yes","Yes","Yes","No","No","No","No","Yes"
"2021/11/03 6:26:50 PM GMT","Male","","","","","","","","","","","","","","","","No","Yes","Yes","No","No","Yes","Yes","Yes","Yes","No","Yes","Yes","No","No","No"
"2021/11/03 6:28:43 PM GMT","Female","No","Yes","Yes","Yes","No","Yes","Yes","No","No","Yes","No","No","Yes","Yes","Yes","","","","","","","","","","","","","","",""
"2021/11/03 6:29:11 PM GMT","Male","","","","","","","","","","","","","","","","No","Yes","Yes","Yes","No","No","Yes","No","No","No","No","Yes","No","No","No"
"2021/11/03 6:30:13 PM GMT","Female","Yes","No","Yes","No","No","Yes","Yes","Yes","Yes","Yes","No","No","Yes","No","No","","","","","","","","","","","","","","",""
"2021/11/03 6:31:10 PM GMT","Female","Yes","No","Yes","Yes","Yes","Yes","Yes","Yes","Yes","Yes","Yes","Yes","Yes","Yes","Yes","","","","","","","","","","","","","","",""
"2021/11/03 6:35:27 PM GMT","Female","No","No","Yes","Yes","No","No","Yes","No","No","No","No","Yes","Yes","No","No","","","","","","","","","","","","","","",""
"2021/11/03 6:37:05 PM GMT","Female","Yes","Yes","Yes","Yes","No","Yes","Yes","Yes","No","Yes","Yes","Yes","Yes","Yes","No","","","","","","","","","","","","","","",""
"2021/11/03 6:37:22 PM GMT","Female","No","No","No","Yes","Yes","Yes","Yes","No","No","No","No","Yes","Yes","Yes","Yes","","","","","","","","","","","","","","",""
"2021/11/03 6:41:08 PM GMT","Male","","","","","","","","","","","","","","","","No","Yes","Yes","Yes","No","No","Yes","Yes","Yes","No","Yes","Yes","Yes","No","No"
"2021/11/03 6:42:27 PM GMT","Female","No","No","Yes","No","No","No","No","No","Yes","No","Yes","No","No","No","No","","","","","","","","","","","","","","",""
"2021/11/03 6:43:47 PM GMT","Female","Yes","Yes","Yes","Yes","Yes","Yes","No","No","No","Yes","Yes","Yes","No","Yes","No","","","","","","","","","","","","","","",""
"2021/11/03 6:46:02 PM GMT","Female","No","Yes","No","No","Yes","Yes","Yes","Yes","Yes","Yes","No","Yes","Yes","No","Yes","","","","","","","","","","","","","","",""
"2021/11/03 6:47:48 PM GMT","Male","","","","","","","","","","","","","","","","Yes","No","No","No","No","No","Yes","Yes","No","Yes","No","Yes","No","No","No"
"2021/11/03 6:49:10 PM GMT","Male","","","","","","","","","","","","","","","","No","Yes","Yes","Yes","No","No","Yes","No","No","No","No","Yes","No","No","No"
"2021/11/03 6:50:15 PM GMT","Male","","","","","","","","","","","","","","","","No","Yes","Yes","Yes","Yes","Yes","No","Yes","Yes","Yes","Yes","Yes","No","Yes","Yes"
"2021/11/03 6:51:20 PM GMT","Male","","","","","","","","","","","","","","","","No","Yes","Yes","No","No","Yes","Yes","No","Yes","No","No","Yes","No","No","No"
"2021/11/03 6:52:03 PM GMT","Female","No","Yes","Yes","Yes","No","Yes","No","No","No","Yes","No","Yes","Yes","No","Yes","","","","","","","","","","","","","","",""
"2021/11/03 6:53:26 PM GMT","Male","","","","","","","","","","","","","","","","Yes","Yes","Yes","Yes","Yes","Yes","Yes","Yes","Yes","Yes","Yes","Yes","Yes","Yes","Yes"
"2021/11/03 6:54:18 PM GMT","Female","Yes","No","No","Yes","Yes","No","Yes","Yes","No","Yes","No","No","Yes","Yes","Yes","","","","","","","","","","","","","","",""
"2021/11/03 6:54:19 PM GMT","Male","","","","","","","","","","","","","","","","Yes","No","No","No","No","No","No","No","No","Yes","No","No","No","No","Yes"
"2021/11/03 6:54:24 PM GMT","Female","No","No","Yes","Yes","No","Yes","No","No","No","Yes","Yes","No","Yes","No","No","","","","","","","","","","","","","","",""
"2021/11/03 6:54:30 PM GMT","Female","No","No","No","Yes","No","Yes","No","No","No","No","No","Yes","Yes","Yes","No","","","","","","","","","","","","","","",""
"2021/11/03 6:55:22 PM GMT","Female","No","No","No","Yes","No","Yes","Yes","No","Yes","Yes","No","Yes","Yes","Yes","Yes","","","","","","","","","","","","","","",""
"2021/11/03 6:56:50 PM GMT","Female","No","No","No","No","No","No","No","No","No","Yes","No","Yes","Yes","No","Yes","","","","","","","","","","","","","","",""
"2021/11/03 6:57:31 PM GMT","Female","Yes","Yes","No","Yes","Yes","Yes","No","Yes","No","Yes","No","Yes","No","No","No","","","","","","","","","","","","","","",""
"2021/11/03 6:58:53 PM GMT","Female","Yes","No","Yes","Yes","No","No","Yes","Yes","Yes","Yes","Yes","Yes","Yes","Yes","No","","","","","","","","","","","","","","",""
"2021/11/03 6:59:09 PM GMT","Female","Yes","Yes","No","No","No","Yes","No","Yes","No","Yes","No","Yes","Yes","No","Yes","","","","","","","","","","","","","","",""
"2021/11/03 7:00:15 PM GMT","Female","No","No","No","Yes","Yes","Yes","Yes","No","No","No","No","Yes","No","No","Yes","","","","","","","","","","","","","","",""
"2021/11/03 7:02:09 PM GMT","Female","Yes","Yes","Yes","No","Yes","Yes","No","No","Yes","Yes","Yes","Yes","No","Yes","No","","","","","","","","","","","","","","",""
"2021/11/03 7:04:45 PM GMT","Female","Yes","No","No","Yes","Yes","Yes","Yes","Yes","Yes","No","No","No","No","Yes","No","","","","","","","","","","","","","","",""
"2021/11/03 7:05:46 PM GMT","Male","","","","","","","","","","","","","","","","Yes","Yes","No","No","Yes","Yes","Yes","Yes","No","Yes","Yes","No","No","Yes","Yes"
"2021/11/03 7:06:35 PM GMT","Female","No","No","No","Yes","No","Yes","No","No","No","Yes","No","Yes","Yes","No","Yes","","","","","","","","","","","","","","",""
"2021/11/03 7:06:42 PM GMT","Female","Yes","Yes","No","Yes","No","Yes","No","Yes","No","Yes","No","Yes","Yes","No","Yes","","","","","","","","","","","","","","",""
"2021/11/03 7:06:56 PM GMT","Male","","","","","","","","","","","","","","","","No","Yes","Yes","No","No","Yes","Yes","No","No","No","Yes","Yes","No","No","No"
"2021/11/03 7:09:43 PM GMT","Female","Yes","Yes","Yes","Yes","Yes","Yes","Yes","Yes","No","Yes","No","Yes","Yes","Yes","Yes","","","","","","","","","","","","","","",""
"2021/11/03 7:11:21 PM GMT","Female","Yes","Yes","No","Yes","No","Yes","No","Yes","No","Yes","Yes","Yes","Yes","No","Yes","","","","","","","","","","","","","","",""
"2021/11/03 7:12:58 PM GMT","Male","","","","","","","","","","","","","","","","No","Yes","Yes","Yes","Yes","Yes","Yes","Yes","Yes","Yes","Yes","Yes","Yes","Yes","Yes"
"2021/11/03 7:13:11 PM GMT","Male","","","","","","","","","","","","","","","","No","Yes","Yes","Yes","No","Yes","Yes","Yes","No","Yes","Yes","No","No","No","No"
"2021/11/03 7:14:09 PM GMT","Female","No","Yes","Yes","Yes","Yes","No","No","No","Yes","Yes","Yes","Yes","No","Yes","No","","","","","","","","","","","","","","",""
"2021/11/03 7:14:31 PM GMT","Male","","","","","","","","","","","","","","","","No","Yes","Yes","No","No","Yes","No","No","No","No","Yes","Yes","No","Yes","Yes"
"2021/11/03 7:14:53 PM GMT","Male","","","","","","","","","","","","","","","","No","Yes","Yes","Yes","No","Yes","Yes","No","Yes","No","Yes","Yes","No","Yes","Yes"
"2021/11/03 7:14:58 PM GMT","Female","No","Yes","No","Yes","No","Yes","Yes","No","Yes","Yes","Yes","Yes","Yes","Yes","Yes","","","","","","","","","","","","","","",""
"2021/11/03 7:15:25 PM GMT","Female","No","No","No","No","No","No","Yes","No","No","No","No","Yes","No","Yes","No","","","","","","","","","","","","","","",""
"2021/11/03 7:16:03 PM GMT","Female","No","Yes","No","Yes","No","No","Yes","No","No","No","No","Yes","No","Yes","No","","","","","","","","","","","","","","",""
"2021/11/03 7:17:37 PM GMT","Female","No","No","No","Yes","No","Yes","Yes","No","Yes","Yes","No","Yes","Yes","No","Yes","","","","","","","","","","","","","","",""
"2021/11/03 7:17:46 PM GMT","Female","No","No","No","Yes","No","No","No","No","No","No","No","No","No","Yes","No","","","","","","","","","","","","","","",""
"2021/11/03 7:19:19 PM GMT","Female","No","No","No","Yes","No","Yes","No","No","No","Yes","Yes","Yes","Yes","No","No","","","","","","","","","","","","","","",""
"2021/11/03 7:19:45 PM GMT","Male","","","","","","","","","","","","","","","","No","Yes","Yes","No","No","No","Yes","Yes","Yes","No","Yes","Yes","No","No","No"
"2021/11/03 7:21:01 PM GMT","Female","Yes","No","Yes","Yes","No","Yes","Yes","No","No","Yes","Yes","Yes","Yes","No","Yes","","","","","","","","","","","","","","",""
"2021/11/03 7:23:25 PM GMT","Male","","","","","","","","","","","","","","","","Yes","Yes","Yes","No","Yes","Yes","Yes","No","No","Yes","No","Yes","No","Yes","Yes"
"2021/11/03 7:25:37 PM GMT","Male","","","","","","","","","","","","","","","","No","Yes","Yes","No","No","No","Yes","No","No","No","No","Yes","No","No","No"
"2021/11/03 7:29:04 PM GMT","Female","Yes","No","No","Yes","No","Yes","Yes","Yes","No","Yes","Yes","Yes","Yes","Yes","Yes","","","","","","","","","","","","","","",""
"2021/11/03 7:29:10 PM GMT","Female","Yes","No","No","Yes","No","Yes","No","No","No","Yes","No","No","Yes","Yes","No","","","","","","","","","","","","","","",""
"2021/11/03 7:30:42 PM GMT","Female","Yes","No","No","Yes","Yes","No","Yes","No","No","No","No","No","No","Yes","No","","","","","","","","","","","","","","",""
"2021/11/03 7:30:54 PM GMT","Male","","","","","","","","","","","","","","","","Yes","Yes","Yes","Yes","No","Yes","Yes","Yes","Yes","Yes","Yes","Yes","No","Yes","No"
"2021/11/03 7:32:12 PM GMT","Female","No","No","Yes","Yes","No","No","Yes","Yes","No","No","No","No","Yes","Yes","No","","","","","","","","","","","","","","",""
"2021/11/03 7:32:38 PM GMT","Male","","","","","","","","","","","","","","","","No","No","Yes","No","Yes","Yes","Yes","Yes","Yes","Yes","No","Yes","Yes","No","Yes"
"2021/11/03 7:32:47 PM GMT","Male","","","","","","","","","","","","","","","","No","Yes","Yes","Yes","Yes","No","Yes","No","Yes","No","Yes","Yes","No","No","No"
"2021/11/03 7:40:26 PM GMT","Female","Yes","No","Yes","Yes","Yes","Yes","Yes","Yes","No","Yes","Yes","No","Yes","Yes","No","","","","","","","","","","","","","","",""
"2021/11/03 7:41:10 PM GMT","Male","","","","","","","","","","","","","","","","No","Yes","Yes","Yes","No","No","Yes","No","Yes","No","Yes","No","No","Yes","Yes"
"2021/11/03 7:41:14 PM GMT","Female","Yes","No","Yes","No","No","Yes","No","Yes","No","No","Yes","Yes","Yes","No","No","","","","","","","","","","","","","","",""
"2021/11/03 7:41:58 PM GMT","Male","","","","","","","","","","","","","","","","No","Yes","Yes","No","No","Yes","No","Yes","No","Yes","No","No","No","No","No"
"2021/11/03 7:44:44 PM GMT","Female","Yes","No","Yes","Yes","Yes","No","Yes","Yes","Yes","Yes","Yes","No","Yes","Yes","No","","","","","","","","","","","","","","",""
"2021/11/03 7:45:16 PM GMT","Female","Yes","No","No","Yes","Yes","Yes","Yes","Yes","No","No","Yes","Yes","No","Yes","No","","","","","","","","","","","","","","",""
"2021/11/03 7:46:39 PM GMT","Female","No","Yes","Yes","Yes","No","Yes","No","No","No","Yes","No","Yes","Yes","No","Yes","","","","","","","","","","","","","","",""
"2021/11/03 7:48:54 PM GMT","Female","Yes","No","No","No","No","No","No","Yes","No","Yes","Yes","No","No","No","No","","","","","","","","","","","","","","",""
"2021/11/03 7:48:57 PM GMT","Female","Yes","Yes","Yes","Yes","No","Yes","Yes","No","Yes","Yes","No","Yes","No","No","No","","","","","","","","","","","","","","",""
"2021/11/03 7:50:10 PM GMT","Female","No","No","No","Yes","No","Yes","Yes","No","No","No","No","No","No","No","No","","","","","","","","","","","","","","",""
"2021/11/03 7:50:13 PM GMT","Female","No","No","No","Yes","No","Yes","No","No","No","Yes","No","Yes","Yes","No","Yes","","","","","","","","","","","","","","",""
"2021/11/03 7:54:50 PM GMT","Female","Yes","No","No","Yes","Yes","No","Yes","Yes","No","Yes","No","No","No","Yes","No","","","","","","","","","","","","","","",""
"2021/11/03 7:59:02 PM GMT","Male","","","","","","","","","","","","","","","","No","No","Yes","Yes","No","No","Yes","No","No","No","Yes","No","No","No","No"
"2021/11/03 7:59:48 PM GMT","Female","Yes","Yes","No","Yes","Yes","No","Yes","No","No","Yes","No","No","Yes","Yes","No","","","","","","","","","","","","","","",""
"2021/11/03 8:06:26 PM GMT","Female","Yes","Yes","Yes","Yes","No","Yes","No","No","Yes","No","No","Yes","Yes","No","Yes","","","","","","","","","","","","","","",""
"2021/11/03 8:07:34 PM GMT","Male","","","","","","","","","","","","","","","","Yes","Yes","Yes","No","No","Yes","Yes","No","No","Yes","No","Yes","No","Yes","No"
"2021/11/03 8:07:42 PM GMT","Female","Yes","No","Yes","Yes","Yes","No","No","Yes","No","No","Yes","Yes","Yes","Yes","No","","","","","","","","","","","","","","",""
"2021/11/03 8:13:32 PM GMT","Female","Yes","No","No","Yes","Yes","No","Yes","Yes","No","Yes","No","No","Yes","Yes","No","","","","","","","","","","","","","","",""
"2021/11/03 8:13:49 PM GMT","Female","No","No","No","Yes","No","Yes","Yes","No","No","No","No","Yes","No","No","No","","","","","","","","","","","","","","",""
"2021/11/03 8:16:42 PM GMT","Female","No","Yes","No","Yes","No","Yes","Yes","No","No","No","No","Yes","Yes","No","Yes","","","","","","","","","","","","","","",""
"2021/11/03 8:18:45 PM GMT","Male","","","","","","","","","","","","","","","","No","No","Yes","Yes","Yes","No","Yes","No","No","No","Yes","Yes","Yes","No","No"
"2021/11/03 8:30:18 PM GMT","Male","","","","","","","","","","","","","","","","No","Yes","Yes","Yes","No","Yes","No","No","Yes","Yes","No","Yes","Yes","No","No"
"2021/11/03 8:30:20 PM GMT","Male","","","","","","","","","","","","","","","","No","Yes","Yes","No","No","Yes","Yes","Yes","Yes","No","No","Yes","No","No","No"
"2021/11/03 8:32:19 PM GMT","Female","No","No","No","Yes","No","Yes","Yes","No","No","Yes","No","Yes","Yes","Yes","Yes","","","","","","","","","","","","","","",""
"2021/11/03 8:32:21 PM GMT","Male","","","","","","","","","","","","","","","","No","Yes","Yes","Yes","Yes","No","Yes","No","Yes","Yes","No","No","No","Yes","Yes"
"2021/11/03 8:33:06 PM GMT","Female","Yes","No","Yes","No","Yes","No","Yes","Yes","No","No","No","No","Yes","Yes","No","","","","","","","","","","","","","","",""
"2021/11/03 8:36:41 PM GMT","Female","Yes","No","No","Yes","Yes","Yes","Yes","Yes","Yes","Yes","Yes","No","Yes","Yes","No","","","","","","","","","","","","","","",""
"2021/11/03 8:37:42 PM GMT","Male","","","","","","","","","","","","","","","","Yes","No","No","No","No","No","No","Yes","No","No","No","No","No","No","No"
"2021/11/03 8:37:44 PM GMT","Male","","","","","","","","","","","","","","","","No","No","Yes","No","No","No","No","No","No","Yes","No","No","No","No","No"
"2021/11/03 8:46:37 PM GMT","Female","No","No","No","Yes","No","Yes","Yes","No","Yes","No","No","Yes","No","Yes","No","","","","","","","","","","","","","","",""
"2021/11/03 8:49:29 PM GMT","Male","","","","","","","","","","","","","","","","No","Yes","Yes","Yes","Yes","Yes","Yes","Yes","Yes","Yes","No","Yes","Yes","No","No"
"2021/11/03 8:57:09 PM GMT","Male","","","","","","","","","","","","","","","","No","Yes","Yes","Yes","No","Yes","Yes","Yes","Yes","No","Yes","Yes","No","No","No"
"2021/11/03 8:57:34 PM GMT","Male","","","","","","","","","","","","","","","","Yes","No","Yes","Yes","Yes","Yes","No","Yes","No","Yes","No","No","Yes","Yes","No"
"2021/11/03 8:58:50 PM GMT","Female","Yes","No","No","Yes","Yes","No","No","No","No","Yes","Yes","No","No","Yes","Yes","","","","","","","","","","","","","","",""
"2021/11/03 8:59:30 PM GMT","Male","","","","","","","","","","","","","","","","No","No","No","No","No","No","Yes","No","No","No","No","Yes","No","No","No"
"2021/11/03 9:02:20 PM GMT","Female","Yes","Yes","No","Yes","No","Yes","Yes","Yes","No","Yes","No","Yes","Yes","Yes","Yes","","","","","","","","","","","","","","",""
"2021/11/03 9:08:32 PM GMT","Female","No","No","No","Yes","No","No","No","No","No","No","No","Yes","No","Yes","No","","","","","","","","","","","","","","",""
"2021/11/03 9:11:11 PM GMT","Female","No","No","Yes","No","Yes","Yes","Yes","Yes","No","Yes","Yes","No","No","No","No","","","","","","","","","","","","","","",""
"2021/11/03 9:16:41 PM GMT","Female","No","Yes","No","Yes","No","Yes","No","Yes","Yes","Yes","No","Yes","Yes","Yes","No","","","","","","","","","","","","","","",""
"2021/11/03 9:21:49 PM GMT","Female","Yes","No","No","No","No","No","Yes","Yes","No","Yes","Yes","No","Yes","Yes","No","","","","","","","","","","","","","","",""
"2021/11/03 9:23:20 PM GMT","Female","No","Yes","No","Yes","No","Yes","Yes","No","No","Yes","No","Yes","Yes","No","Yes","","","","","","","","","","","","","","",""
"2021/11/03 9:23:51 PM GMT","Female","No","Yes","Yes","No","No","Yes","No","No","No","No","No","Yes","Yes","Yes","Yes","","","","","","","","","","","","","","",""
"2021/11/03 9:23:53 PM GMT","Female","Yes","No","No","Yes","No","Yes","Yes","No","No","No","No","No","No","Yes","No","","","","","","","","","","","","","","",""
"2021/11/03 9:42:08 PM GMT","Female","Yes","Yes","No","No","Yes","Yes","Yes","Yes","No","No","No","No","No","Yes","No","","","","","","","","","","","","","","",""
"2021/11/03 9:45:16 PM GMT","Female","Yes","No","No","Yes","No","Yes","No","Yes","Yes","Yes","No","Yes","Yes","No","No","","","","","","","","","","","","","","",""
"2021/11/03 9:45:29 PM GMT","Female","Yes","No","No","Yes","Yes","No","No","Yes","No","Yes","Yes","No","Yes","Yes","No","","","","","","","","","","","","","","",""
"2021/11/03 9:47:34 PM GMT","Female","Yes","No","Yes","No","No","Yes","No","Yes","Yes","Yes","Yes","No","Yes","Yes","No","","","","","","","","","","","","","","",""
"2021/11/03 9:49:05 PM GMT","Female","Yes","No","Yes","No","No","No","Yes","Yes","No","No","Yes","No","Yes","Yes","No","","","","","","","","","","","","","","",""
"2021/11/03 9:51:03 PM GMT","Female","Yes","No","No","Yes","Yes","No","Yes","Yes","No","No","No","No","Yes","Yes","No","","","","","","","","","","","","","","",""
"2021/11/03 10:03:52 PM GMT","Female","No","No","No","Yes","No","Yes","No","No","No","No","No","Yes","Yes","No","Yes","","","","","","","","","","","","","","",""
"2021/11/03 10:24:54 PM GMT","Male","","","","","","","","","","","","","","","","No","Yes","Yes","Yes","No","No","Yes","No","No","Yes","No","No","No","No","No"
"2021/11/03 10:42:27 PM GMT","Male","","","","","","","","","","","","","","","","No","Yes","Yes","Yes","No","Yes","Yes","Yes","Yes","Yes","Yes","Yes","No","Yes","Yes"
"2021/11/03 10:43:39 PM GMT","Female","Yes","Yes","Yes","Yes","Yes","Yes","Yes","Yes","No","Yes","Yes","Yes","Yes","Yes","Yes","","","","","","","","","","","","","","",""
"2021/11/03 10:49:19 PM GMT","Male","","","","","","","","","","","","","","","","No","Yes","Yes","Yes","Yes","No","Yes","Yes","No","Yes","Yes","Yes","Yes","Yes","No"
"2021/11/03 10:52:42 PM GMT","Female","No","No","Yes","Yes","No","Yes","No","No","No","No","No","No","Yes","No","No","","","","","","","","","","","","","","",""
"2021/11/03 10:54:03 PM GMT","Female","Yes","Yes","Yes","No","No","Yes","Yes","Yes","No","Yes","Yes","No","No","No","No","","","","","","","","","","","","","","",""
"2021/11/03 10:58:49 PM GMT","Female","Yes","No","Yes","No","Yes","Yes","Yes","Yes","No","Yes","Yes","No","Yes","Yes","Yes","","","","","","","","","","","","","","",""
"2021/11/03 11:01:36 PM GMT","Female","Yes","No","Yes","Yes","Yes","Yes","Yes","Yes","No","No","No","No","Yes","Yes","No","","","","","","","","","","","","","","",""
"2021/11/03 11:03:57 PM GMT","Male","","","","","","","","","","","","","","","","No","Yes","Yes","Yes","No","No","Yes","No","No","No","No","No","No","No","No"
"2021/11/03 11:04:12 PM GMT","Female","No","No","No","Yes","No","No","No","No","No","No","No","No","No","No","No","","","","","","","","","","","","","","",""
"2021/11/03 11:19:32 PM GMT","Female","Yes","Yes","No","Yes","Yes","Yes","No","Yes","No","No","No","Yes","Yes","Yes","No","","","","","","","","","","","","","","",""
"2021/11/03 11:33:14 PM GMT","Female","No","No","No","Yes","No","Yes","Yes","No","No","No","No","Yes","No","Yes","Yes","","","","","","","","","","","","","","",""
"2021/11/03 11:46:56 PM GMT","Male","","","","","","","","","","","","","","","","No","Yes","Yes","No","No","Yes","Yes","No","No","No","Yes","Yes","No","No","No"
"2021/11/04 12:16:01 AM GMT","Female","Yes","Yes","No","No","Yes","Yes","No","Yes","No","Yes","No","No","Yes","No","No","","","","","","","","","","","","","","",""
"2021/11/04 12:25:23 AM GMT","Female","No","Yes","No","Yes","No","Yes","No","No","No","No","No","No","Yes","Yes","No","","","","","","","","","","","","","","",""
"2021/11/04 12:29:59 AM GMT","Male","","","","","","","","","","","","","","","","No","Yes","Yes","Yes","No","Yes","Yes","Yes","No","No","Yes","Yes","No","No","No"
"2021/11/04 12:30:24 AM GMT","Female","No","Yes","No","No","No","Yes","No","No","No","Yes","No","Yes","Yes","No","No","","","","","","","","","","","","","","",""
"2021/11/04 12:48:19 AM GMT","Female","Yes","Yes","No","Yes","Yes","Yes","Yes","Yes","No","No","No","Yes","Yes","Yes","No","","","","","","","","","","","","","","",""
"2021/11/04 1:16:53 AM GMT","Male","","","","","","","","","","","","","","","","No","Yes","Yes","Yes","No","No","Yes","Yes","No","No","No","No","No","No","No"
"2021/11/04 2:34:01 AM GMT","Male","","","","","","","","","","","","","","","","Yes","Yes","Yes","Yes","Yes","Yes","Yes","No","Yes","Yes","No","Yes","Yes","Yes","Yes"
"2021/11/04 6:32:10 AM GMT","Female","No","Yes","No","No","Yes","Yes","Yes","Yes","Yes","Yes","No","Yes","Yes","No","No","","","","","","","","","","","","","","",""
"2021/11/04 6:33:20 AM GMT","Female","Yes","Yes","No","Yes","Yes","Yes","Yes","Yes","No","Yes","No","Yes","Yes","Yes","No","","","","","","","","","","","","","","",""
"2021/11/04 8:03:23 AM GMT","Male","","","","","","","","","","","","","","","","No","Yes","Yes","Yes","No","Yes","Yes","Yes","Yes","Yes","Yes","Yes","Yes","No","No"
"2021/11/04 8:28:21 AM GMT","Female","Yes","No","Yes","No","No","Yes","Yes","No","Yes","Yes","Yes","No","Yes","Yes","Yes","","","","","","","","","","","","","","",""
"2021/11/04 9:26:13 AM GMT","Female","Yes","No","No","Yes","No","Yes","No","Yes","No","Yes","Yes","Yes","Yes","No","Yes","","","","","","","","","","","","","","",""
"2021/11/04 9:33:58 AM GMT","Male","","","","","","","","","","","","","","","","No","No","No","Yes","No","No","No","No","No","No","No","No","No","No","No"
"2021/11/04 10:11:12 AM GMT","Female","No","Yes","No","No","No","Yes","No","Yes","No","Yes","No","Yes","Yes","No","Yes","","","","","","","","","","","","","","",""
"2021/11/04 10:23:08 AM GMT","Male","","","","","","","","","","","","","","","","No","Yes","Yes","No","No","Yes","Yes","No","Yes","No","Yes","Yes","Yes","No","No"
"2021/11/04 10:56:30 AM GMT","Female","No","No","Yes","Yes","Yes","No","No","No","No","No","No","Yes","Yes","No","Yes","","","","","","","","","","","","","","",""
"2021/11/04 10:56:32 AM GMT","Female","No","No","No","Yes","Yes","Yes","Yes","No","No","No","No","Yes","No","No","Yes","","","","","","","","","","","","","","",""
"2021/11/04 11:20:10 AM GMT","Male","","","","","","","","","","","","","","","","No","Yes","Yes","Yes","No","No","Yes","Yes","Yes","Yes","Yes","Yes","Yes","Yes","No"
"2021/11/04 11:39:02 AM GMT","Female","Yes","Yes","Yes","No","No","No","No","No","No","Yes","No","No","Yes","No","No","","","","","","","","","","","","","","",""
"2021/11/04 11:48:59 AM GMT","Female","No","No","No","Yes","No","No","No","No","No","No","No","Yes","Yes","No","No","","","","","","","","","","","","","","",""
"2021/11/04 11:52:14 AM GMT","Female","Yes","No","No","Yes","No","Yes","No","No","No","No","No","Yes","Yes","No","Yes","","","","","","","","","","","","","","",""
"2021/11/04 1:17:54 PM GMT","Female","Yes","No","No","Yes","Yes","Yes","Yes","Yes","No","No","Yes","No","Yes","Yes","No","","","","","","","","","","","","","","",""
"2021/11/04 1:33:02 PM GMT","Female","No","Yes","No","No","No","Yes","No","No","No","No","No","Yes","No","No","Yes","","","","","","","","","","","","","","",""
"2021/11/04 2:07:14 PM GMT","Male","","","","","","","","","","","","","","","","Yes","Yes","Yes","Yes","Yes","Yes","Yes","No","No","Yes","No","Yes","No","Yes","No"
"2021/11/04 2:35:52 PM GMT","Female","No","No","Yes","Yes","No","No","No","No","No","No","No","Yes","No","No","No","","","","","","","","","","","","","","",""
"2021/11/04 2:36:59 PM GMT","Female","No","Yes","No","No","No","No","No","No","No","No","No","Yes","Yes","Yes","No","","","","","","","","","","","","","","",""
"2021/11/04 2:52:08 PM GMT","Female","No","No","No","Yes","No","Yes","No","No","No","No","No","Yes","No","No","No","","","","","","","","","","","","","","",""
"2021/11/04 3:09:38 PM GMT","Female","No","No","No","Yes","No","No","Yes","No","No","No","No","Yes","No","No","No","","","","","","","","","","","","","","",""
"2021/11/04 3:52:46 PM GMT","Female","No","Yes","No","Yes","Yes","Yes","Yes","No","Yes","Yes","No","Yes","Yes","No","Yes","","","","","","","","","","","","","","",""
"2021/11/04 3:55:37 PM GMT","Female","No","No","No","Yes","No","No","No","No","No","No","No","Yes","Yes","Yes","No","","","","","","","","","","","","","","",""
"2021/11/04 5:02:49 PM GMT","Male","","","","","","","","","","","","","","","","No","No","No","No","Yes","No","No","No","No","Yes","No","No","No","No","Yes"
"2021/11/04 5:57:21 PM GMT","Female","Yes","No","No","No","Yes","Yes","No","Yes","Yes","Yes","Yes","Yes","Yes","Yes","Yes","","","","","","","","","","","","","","",""
"2021/11/04 6:00:46 PM GMT","Female","Yes","Yes","Yes","No","Yes","Yes","Yes","Yes","No","No","Yes","No","No","Yes","Yes","","","","","","","","","","","","","","",""
"2021/11/04 6:17:39 PM GMT","Female","No","Yes","No","Yes","No","Yes","No","No","No","No","No","Yes","Yes","No","No","","","","","","","","","","","","","","",""
"2021/11/04 6:17:52 PM GMT","Female","No","No","Yes","Yes","No","Yes","No","No","No","No","No","Yes","Yes","No","No","","","","","","","","","","","","","","",""
"2021/11/04 6:32:29 PM GMT","Female","Yes","No","No","No","No","Yes","No","Yes","Yes","Yes","No","Yes","Yes","No","Yes","","","","","","","","","","","","","","",""
"2021/11/04 7:46:02 PM GMT","Female","Yes","Yes","No","Yes","Yes","Yes","Yes","Yes","No","Yes","Yes","Yes","Yes","Yes","Yes","","","","","","","","","","","","","","",""
"2021/11/04 9:00:32 PM GMT","Female","No","Yes","No","No","No","Yes","No","No","No","Yes","No","Yes","Yes","No","Yes","","","","","","","","","","","","","","",""
"2021/11/04 9:09:27 PM GMT","Female","No","Yes","No","Yes","No","Yes","No","No","No","No","No","Yes","Yes","Yes","No","","","","","","","","","","","","","","",""
"2021/11/04 9:30:15 PM GMT","Female","No","No","No","Yes","No","No","No","No","No","No","No","Yes","Yes","No","No","","","","","","","","","","","","","","",""
"2021/11/04 9:38:26 PM GMT","Male","","","","","","","","","","","","","","","","No","Yes","Yes","Yes","Yes","Yes","Yes","Yes","Yes","Yes","Yes","Yes","No","Yes","Yes"
"2021/11/04 10:02:46 PM GMT","Female","Yes","No","No","No","Yes","No","Yes","Yes","No","Yes","Yes","No","Yes","Yes","Yes","","","","","","","","","","","","","","",""
"2021/11/04 11:49:01 PM GMT","Female","Yes","Yes","Yes","Yes","Yes","Yes","Yes","No","No","No","No","Yes","Yes","Yes","No","","","","","","","","","","","","","","",""
"2021/11/05 12:43:16 AM GMT","Female","Yes","No","No","Yes","Yes","Yes","Yes","Yes","No","Yes","Yes","No","Yes","No","No","","","","","","","","","","","","","","",""
"2021/11/05 1:41:05 AM GMT","Male","","","","","","","","","","","","","","","","No","No","Yes","No","Yes","Yes","No","No","No","Yes","Yes","Yes","No","No","Yes"
"2021/11/05 7:50:27 AM GMT","Female","Yes","Yes","Yes","No","Yes","No","No","Yes","Yes","Yes","Yes","No","Yes","Yes","No","","","","","","","","","","","","","","",""
"2021/11/05 1:33:27 PM GMT","Female","Yes","No","No","No","Yes","Yes","Yes","Yes","Yes","Yes","Yes","Yes","Yes","No","Yes","","","","","","","","","","","","","","",""
"2021/11/05 3:56:02 PM GMT","Female","Yes","Yes","No","No","Yes","Yes","No","Yes","No","No","No","Yes","No","No","No","","","","","","","","","","","","","","",""
"2021/11/05 8:25:16 PM GMT","Female","No","No","Yes","Yes","Yes","No","Yes","No","No","No","No","Yes","No","No","No","","","","","","","","","","","","","","",""
"2021/11/06 9:49:16 AM GMT","Male","","","","","","","","","","","","","","","","No","Yes","Yes","No","No","No","Yes","No","Yes","No","No","Yes","No","No","No"
"2021/11/06 1:45:55 PM GMT","Female","Yes","Yes","No","No","Yes","Yes","No","Yes","No","No","Yes","No","Yes","Yes","No","","","","","","","","","","","","","","",""
"2021/11/07 9:33:22 AM GMT","Female","No","No","No","Yes","No","No","No","No","No","No","No","Yes","Yes","No","No","","","","","","","","","","","","","","",""
"2021/11/09 10:03:14 AM GMT","Male","","","","","","","","","","","","","","","","Yes","Yes","No","No","Yes","Yes","Yes","Yes","No","Yes","No","Yes","Yes","Yes","Yes"
"2021/11/09 5:34:54 PM GMT","Male","","","","","","","","","","","","","","","","Yes","No","No","Yes","Yes","Yes","No","Yes","No","No","No","No","Yes","No","No"
"2021/11/09 5:35:22 PM GMT","Male","","","","","","","","","","","","","","","","Yes","No","No","No","Yes","Yes","No","Yes","No","Yes","No","No","No","No","No"
"2021/11/09 5:35:33 PM GMT","Male","","","","","","","","","","","","","","","","No","Yes","No","No","No","No","Yes","No","No","No","No","Yes","No","No","No"
"2021/11/09 5:35:36 PM GMT","Male","","","","","","","","","","","","","","","","No","Yes","Yes","Yes","No","No","Yes","Yes","Yes","Yes","Yes","Yes","Yes","No","No"
"2021/11/09 5:36:11 PM GMT","Male","","","","","","","","","","","","","","","","No","Yes","No","Yes","No","Yes","No","Yes","No","Yes","No","Yes","No","No","Yes"
"2021/11/09 5:36:29 PM GMT","Male","","","","","","","","","","","","","","","","No","No","No","Yes","No","No","No","No","No","Yes","No","No","Yes","Yes","Yes"
"2021/11/09 5:36:38 PM GMT","Male","","","","","","","","","","","","","","","","No","No","Yes","No","No","Yes","Yes","Yes","Yes","No","No","Yes","Yes","No","No"
"2021/11/09 5:36:55 PM GMT","Male","","","","","","","","","","","","","","","","Yes","Yes","Yes","Yes","No","Yes","No","No","No","No","No","No","No","No","No"
"2021/11/09 5:37:34 PM GMT","Male","","","","","","","","","","","","","","","","No","Yes","Yes","Yes","No","Yes","Yes","No","Yes","Yes","Yes","Yes","No","No","No"